{
  "omega_frozen": 26.976474214823664,
  "Nobs_total": 51,
  "lcdm": {
    "params": [
      "H0",
      "Om",
      "rd",
      "sigma8_0"
    ],
    "values": [
      86.23031787115244,
      0.3861536529068058,
      169.99999999768409,
      0.458518137284383
    ],
    "chi2": 1676.0295818755212,
    "BIC": 1691.7568844064185,
    "k": 4
  },
  "rut": {
    "params": [
      "H0",
      "Om",
      "rd",
      "sigma8_0",
      "bC",
      "bS"
    ],
    "values": [
      88.13092322715681,
      0.354687853577602,
      169.99999999969563,
      0.45820612127555715,
      -0.054654003832796845,
      -0.01659466490232705
    ],
    "chi2": 1693.8432362063054,
    "BIC": 1717.4341900026513,
    "k": 6
  },
  "delta_BIC_LCDM_minus_RUT": -25.677305596232827,
  "timestamp_utc": "2026-03-01T06:46:39Z"
}