lens,z_l,z_s,Ddt_Mpc_mu,Ddt_Mpc_sig,mode,source_file
HE0435,0.4546,1.693,2715.5906039436904,181.83986815414855,unweighted,HE0435_Ddt_AO+HST.dat
RXJ1131,0.295,0.654,2109.235234303888,116.83785359948786,unweighted,RXJ1131_AO+HST_Dd_Ddt.dat
WFI2033,0.6575,1.662,4864.253328359409,387.3517526243786,weighted,wfi2033_dt_bic.dat
J1206,0.745,1.789,5834.452216058324,601.7978773621985,unweighted,J1206_final.csv
PG1115,0.31,1.722,1476.7728111075764,136.76626366642603,unweighted,PG1115_AO+HST_Dd_Ddt.dat
