{
  "datasetB": "SDSS anisotropic BAO (DM/rd, DH/rd) diag-only",
  "strict_v2": true,
  "omega_frozen": 26.976474214823664,
  "bC_frozen": 0.01205157,
  "bS_frozen": 0.01663255,
  "b0_mode": "fixed0",
  "Nobs": 8,
  "lcdm": {
    "H0": 67.78385696145324,
    "Om": 0.3452156914772481,
    "rd": 144.71790763491583,
    "chi2": 37.513342967261,
    "BIC": 43.75166759230051,
    "k": 3
  },
  "rut_frozen_wiggles": {
    "H0": 70.6222465930111,
    "Om": 0.36277507321764424,
    "rd": 137.83447051509003,
    "chi2": 38.535399534177245,
    "BIC": 44.773724159216755,
    "k": 3
  },
  "delta_BIC_LCDM_minus_RUT": -1.0220565669162482,
  "timestamp_utc": "2026-03-01T07:51:07Z"
}