{
  "datasetB": "Cosmic Chronometers H(z)",
  "strict_v2": true,
  "omega_frozen": 26.976474214823664,
  "bC_frozen": 0.01205157,
  "bS_frozen": 0.01663255,
  "b0_mode": "fixed0",
  "N": 32,
  "lcdm": {
    "H0": 68.0838098121917,
    "Om": 0.3197105512967028,
    "chi2": 14.732400514491788,
    "BIC": 21.66387232009124,
    "k": 2
  },
  "rut_frozen_wiggles": {
    "H0": 69.2279925773424,
    "Om": 0.30518934450824237,
    "chi2": 16.399741037202435,
    "BIC": 23.33121284280189,
    "k": 2
  },
  "delta_BIC_LCDM_minus_RUT": -1.6673405227106493,
  "timestamp_utc": "2026-03-01T08:48:13Z"
}