{
  "datasetB": "Cosmic Chronometers H(z) (Unibo/Moresco CC table)",
  "omega_frozen": 26.976474214823664,
  "b0_fixed": 0,
  "N": 32,
  "lcdm": {
    "H0": 68.0838098121917,
    "Om": 0.3197105512967028,
    "chi2": 14.732400514491788,
    "BIC": 21.66387232009124,
    "k": 2
  },
  "rut_omega_frozen_b0fixed": {
    "H0": 65.67228489020144,
    "Om": 0.3513194782872555,
    "bC_bS": [
      -0.024911616432056007,
      -0.03608478180415297
    ],
    "amp": 0.04384860443744147,
    "chi2": 13.315775043707422,
    "BIC": 27.178718654906326,
    "k": 4
  },
  "delta_BIC_LCDM_minus_RUT": -5.514846334815086,
  "timestamp_utc": "2026-02-27T07:47:45Z"
}