{
  "datasetB": "Cosmic Chronometers H(z) (Unibo/Moresco CC table)",
  "omega_frozen": 26.976474214823664,
  "N": 32,
  "lcdm": {
    "H0": 68.0838098121917,
    "Om": 0.3197105512967028,
    "chi2": 14.732400514491788,
    "BIC": 21.66387232009124,
    "k": 2
  },
  "rut_omega_frozen": {
    "H0": 78.78160749906806,
    "Om": 0.3513198740963844,
    "b0_bC_bS": [
      -0.1664012880205368,
      -0.020766417558993874,
      -0.030080428701835693
    ],
    "chi2": 13.31577504353481,
    "BIC": 30.644454557533443,
    "k": 5
  },
  "delta_BIC_LCDM_minus_RUT": -8.980582237442203,
  "timestamp_utc": "2026-02-27T06:23:23Z"
}