{
  "datasetC": "H0LiCOW time-delay distance summary (5 lenses)",
  "omega_frozen": 26.976474214823664,
  "N": 5,
  "lcdm": {
    "H0": 74.16106781758447,
    "Om": 0.17310365353773235,
    "chi2": 2.2051180997233977,
    "BIC": 5.423993924591598,
    "k": 2
  },
  "rut_omega_frozen_b0fixed0": {
    "H0": 76.34571567114938,
    "Om": 0.17424372034308974,
    "bC": -0.053267955972629545,
    "bS": 0.040843260963460595,
    "amp": 0.06712411712366385,
    "chi2": 1.7973721449095679,
    "BIC": 8.235123794645968,
    "k": 4
  },
  "delta_BIC_LCDM_minus_RUT": -2.81112987005437,
  "timestamp_utc": "2026-03-01T06:34:13Z"
}